{"metrics": {"accuracy": [0.5466015934944153, 0.6773179769515991, 0.7084501385688782, 0.7189887166023254, 0.7342647314071655, 0.7422894835472107, 0.7446098923683167, 0.7532147169113159, 0.7548583745956421, 0.7635115385055542], "loss": [1.323645830154419, 0.939570963382721, 0.8383885622024536, 0.7954819798469543, 0.7522407174110413, 0.730627715587616, 0.7141072154045105, 0.6919945478439331, 0.6826961636543274, 0.6689898371696472], "val_accuracy": [0.6313033103942871, 0.6814305186271667, 0.6712554097175598, 0.7089630365371704, 0.7320066094398499, 0.7278168201446533, 0.7427802085876465, 0.737692654132843, 0.7496633529663086, 0.7433786988258362], "val_loss": [1.135188341140747, 0.9643224477767944, 0.9776199460029602, 0.8774929642677307, 0.8206551671028137, 0.8171042203903198, 0.7736957669258118, 0.7832538485527039, 0.7547634243965149, 0.7662652730941772]}, "last_epoch": 9}