{
    "metrics": {
        "accuracy": [
            0.14463888108730316,
            0.18495601415634155,
            0.2202455699443817,
            0.24509330093860626,
            0.27482354640960693,
            0.2984143793582916,
            0.3248573839664459,
            0.3369428515434265,
            0.3556511700153351,
            0.3747462034225464
        ],
        "loss": [
            2.350675106048584,
            2.2496917247772217,
            2.17354154586792,
            2.101468086242676,
            2.022423028945923,
            1.9464550018310547,
            1.8767985105514526,
            1.8294322490692139,
            1.776159405708313,
            1.7247135639190674
        ],
        "val_accuracy": [
            0.12838545441627502,
            0.138710156083107,
            0.15561872720718384,
            0.16534490883350372,
            0.20978602766990662,
            0.22085890173912048,
            0.2202603667974472,
            0.22684423625469208,
            0.21816550195217133,
            0.22669459879398346
        ],
        "val_loss": [
            2.302447557449341,
            2.2427690029144287,
            2.202728509902954,
            2.2464895248413086,
            2.161499261856079,
            2.1315646171569824,
            2.1911299228668213,
            2.1503851413726807,
            2.2219626903533936,
            2.2574281692504883
        ]
    },
    "last_epoch": 9
}