{"metrics": {"accuracy": [0.3415353298187256, 0.6424151659011841, 0.727496862411499, 0.7720680832862854, 0.8009281754493713, 0.8181862235069275, 0.8335589170455933, 0.8525089621543884, 0.8604370355606079, 0.8677849769592285, 0.8770182728767395, 0.8911824226379395, 0.8913757801055908, 0.9026394486427307, 0.9080537557601929, 0.9116793870925903, 0.9174320697784424, 0.9208160042762756, 0.9241032600402832, 0.928792417049408], "loss": [1.8862273693084717, 1.0790846347808838, 0.8049556612968445, 0.6600271463394165, 0.568811297416687, 0.5075702667236328, 0.4649052023887634, 0.4165646731853485, 0.3843509554862976, 0.36046385765075684, 0.3334084451198578, 0.3024551272392273, 0.2973310947418213, 0.2724478542804718, 0.25590354204177856, 0.24932493269443512, 0.23230862617492676, 0.21813468635082245, 0.21212883293628693, 0.19795115292072296], "val_accuracy": [0.3923387825489044, 0.6416280269622803, 0.7314080595970154, 0.7897650599479675, 0.8238815069198608, 0.8478228449821472, 0.8672751784324646, 0.8771509528160095, 0.8886727690696716, 0.8933113813400269, 0.8969025611877441, 0.9016908407211304, 0.9069280028343201, 0.9115666747093201, 0.9147089719772339, 0.9193475842475891, 0.9238365888595581, 0.924884021282196, 0.9286248683929443, 0.9302708506584167], "val_loss": [1.7116566896438599, 1.080447793006897, 0.789546012878418, 0.626374363899231, 0.5278854966163635, 0.46048644185066223, 0.4064328074455261, 0.3722371757030487, 0.3396052420139313, 0.31717145442962646, 0.30692729353904724, 0.2875010371208191, 0.27397894859313965, 0.260771244764328, 0.2501116991043091, 0.24080710113048553, 0.22906596958637238, 0.22828303277492523, 0.2136828601360321, 0.21283195912837982]}, "last_epoch": 19}