{
    "metrics": {
        "accuracy": [
            0.4862225651741028,
            0.7272551655769348,
            0.7843952178955078,
            0.8188629746437073,
            0.8433240056037903,
            0.8633858561515808,
            0.8799671530723572,
            0.8894904851913452,
            0.899642288684845,
            0.9069418907165527,
            0.9166585803031921,
            0.9242966175079346,
            0.9285023808479309,
            0.9310161471366882,
            0.938315749168396,
            0.9430049061775208,
            0.9459537863731384,
            0.9500145316123962,
            0.9544135928153992,
            0.9558155536651611
        ],
        "loss": [
            1.5241585969924927,
            0.8069204688072205,
            0.6125573515892029,
            0.5054823756217957,
            0.43450430035591125,
            0.37907594442367554,
            0.33485540747642517,
            0.3048311173915863,
            0.2767009139060974,
            0.25602149963378906,
            0.23576496541500092,
            0.2128717452287674,
            0.2013811320066452,
            0.191597118973732,
            0.17087741196155548,
            0.1617140769958496,
            0.15350250899791718,
            0.14475181698799133,
            0.13292674720287323,
            0.12366314977407455
        ],
        "val_accuracy": [
            0.5282058715820312,
            0.7115067839622498,
            0.7979949116706848,
            0.8391441106796265,
            0.8524614572525024,
            0.8728116154670715,
            0.8865779042243958,
            0.8909172415733337,
            0.9054316878318787,
            0.9127637147903442,
            0.9168038368225098,
            0.9157564043998718,
            0.920395016670227,
            0.9232380390167236,
            0.930570125579834,
            0.9377524852752686,
            0.9367050528526306,
            0.9413437247276306,
            0.9390991926193237,
            0.9404458999633789
        ],
        "val_loss": [
            1.3908520936965942,
            0.8647579550743103,
            0.5965365767478943,
            0.4675999581813812,
            0.42083391547203064,
            0.36881059408187866,
            0.32780250906944275,
            0.31491541862487793,
            0.2724863886833191,
            0.25954359769821167,
            0.24308130145072937,
            0.24579384922981262,
            0.23079048097133636,
            0.22684642672538757,
            0.21164515614509583,
            0.1886775642633438,
            0.19187553226947784,
            0.18119053542613983,
            0.192171111702919,
            0.18496203422546387
        ]
    },
    "last_epoch": 19
}