{"metrics": {"accuracy": [0.18021850287914276, 0.2586290240287781, 0.3207966685295105, 0.37160399556159973, 0.4063134491443634, 0.430774450302124, 0.4521898925304413, 0.4761674702167511, 0.4951174855232239, 0.5120370984077454], "loss": [2.243450164794922, 2.0065250396728516, 1.8380913734436035, 1.7019970417022705, 1.6131538152694702, 1.5323256254196167, 1.4769514799118042, 1.4150359630584717, 1.3632766008377075, 1.320982575416565], "val_accuracy": [0.24569803476333618, 0.24569803476333618, 0.2338770031929016, 0.23282957077026367, 0.266796350479126, 0.26664671301841736, 0.20065838098526, 0.15472093224525452, 0.14125393331050873, 0.15516982972621918], "val_loss": [2.0890541076660156, 1.9521821737289429, 2.014164447784424, 2.161074161529541, 2.0093719959259033, 2.025089979171753, 2.264587879180908, 2.639514207839966, 2.843052625656128, 2.794968366622925]}, "last_epoch": 9}