{"metrics": {"accuracy": [0.08938412368297577, 0.09228463470935822, 0.08986753970384598, 0.088707335293293, 0.08904573321342468, 0.0915595069527626, 0.09218795597553253, 0.0876438170671463, 0.08914241194725037, 0.08629024773836136], "loss": [2.4235446453094482, 2.424372434616089, 2.4240410327911377, 2.4206204414367676, 2.4276256561279297, 2.4217300415039062, 2.4244258403778076, 2.4212963581085205, 2.4212942123413086, 2.421222448348999], "val_accuracy": [0.06509052962064743, 0.06509052962064743, 0.0377076156437397, 0.11850965023040771, 0.06509052962064743, 0.11865928769111633, 0.0377076156437397, 0.0377076156437397, 0.11147688329219818, 0.05671105906367302], "val_loss": [2.4274418354034424, 2.409088611602783, 2.4308342933654785, 2.4173009395599365, 2.4093716144561768, 2.4020237922668457, 2.447354793548584, 2.420109272003174, 2.3774008750915527, 2.439293384552002]}, "last_epoch": 9}