{"metrics": {"accuracy": [0.2555834949016571, 0.558832049369812, 0.6865029335021973, 0.7535048127174377, 0.7933384776115417, 0.8211350440979004, 0.8430339097976685, 0.8588900566101074, 0.8740693926811218, 0.8851397037506104, 0.8950498104095459, 0.9024944305419922, 0.90655517578125, 0.9139997959136963, 0.923329770565033], "loss": [2.1582412719726562, 1.392769455909729, 0.9583828449249268, 0.7310895323753357, 0.5976070761680603, 0.5103280544281006, 0.44427427649497986, 0.39571669697761536, 0.3535318970680237, 0.3216429054737091, 0.2933701276779175, 0.27079495787620544, 0.25377652049064636, 0.23337842524051666, 0.21513566374778748], "val_accuracy": [0.19018404185771942, 0.3929373025894165, 0.54586261510849, 0.6464163064956665, 0.7282657623291016, 0.7887176275253296, 0.8195421099662781, 0.8472242951393127, 0.8690707683563232, 0.8841837644577026, 0.8975011110305786, 0.9067783951759338, 0.9150082468986511, 0.9187490940093994, 0.9265300035476685], "val_loss": [2.190159320831299, 1.6960387229919434, 1.3010835647583008, 1.0387927293777466, 0.8301981687545776, 0.6536905169487, 0.5571466088294983, 0.48089152574539185, 0.41255468130111694, 0.36153653264045715, 0.32042795419692993, 0.28920137882232666, 0.262347012758255, 0.24818123877048492, 0.22770045697689056]}, "last_epoch": 14}