{"metrics": {"accuracy": [0.6400947570800781, 0.7478004693984985, 0.782558262348175, 0.7960456609725952, 0.8020883798599243, 0.808807909488678, 0.8117567300796509, 0.8191530704498291, 0.8197331428527832, 0.8231170773506165, 0.8262109756469727, 0.8299332857131958, 0.8389732241630554, 0.8403267860412598, 0.8407135009765625, 0.8431789875030518, 0.8479648232460022, 0.8492217063903809, 0.8467079401016235, 0.8454510569572449], "loss": [1.0925943851470947, 0.7470529675483704, 0.6519994735717773, 0.6059377193450928, 0.5879191160202026, 0.5661085844039917, 0.5534656643867493, 0.5299412608146667, 0.5197851061820984, 0.5184533596038818, 0.5024558901786804, 0.5043546557426453, 0.46900591254234314, 0.4628981649875641, 0.46220237016677856, 0.46099886298179626, 0.445166677236557, 0.44104987382888794, 0.4435563385486603, 0.45019763708114624], "val_accuracy": [0.751010000705719, 0.7812359929084778, 0.7926080822944641, 0.7942540645599365, 0.8054766058921814, 0.8042795062065125, 0.817147970199585, 0.8156516551971436, 0.8289690017700195, 0.8158012628555298, 0.8214873671531677, 0.8273230791091919, 0.8312135338783264, 0.8392937183380127, 0.8354032635688782, 0.834206223487854, 0.8376477360725403, 0.8318120837211609, 0.8383959531784058, 0.8352536559104919], "val_loss": [0.773279070854187, 0.6589270234107971, 0.6265445351600647, 0.6209831833839417, 0.5842547416687012, 0.5754473209381104, 0.5537132620811462, 0.5563915967941284, 0.5220540761947632, 0.5560606718063354, 0.5307179093360901, 0.5314337015151978, 0.5128809213638306, 0.49787184596061707, 0.503381073474884, 0.5038942098617554, 0.5016975402832031, 0.509455680847168, 0.4950272738933563, 0.5016224384307861]}, "last_epoch": 19}