{"metrics": {"accuracy": [0.6413999795913696, 0.7509909868240356, 0.7746301889419556, 0.7892777919769287, 0.7983177304267883, 0.804505467414856, 0.811418354511261, 0.8148506283760071, 0.8200231790542603, 0.8202649354934692], "loss": [1.036131739616394, 0.7133885025978088, 0.6399502158164978, 0.5850058794021606, 0.5585008263587952, 0.5407556295394897, 0.5165755748748779, 0.5120565295219421, 0.4968201518058777, 0.49232378602027893], "val_accuracy": [0.7357473969459534, 0.7773454785346985, 0.7867724299430847, 0.8035313487052917, 0.8039802312850952, 0.8063743710517883, 0.8131079077720642, 0.8135567903518677, 0.8131079077720642, 0.8208888173103333], "val_loss": [0.791788637638092, 0.6660749316215515, 0.6277394890785217, 0.5970971584320068, 0.597043514251709, 0.5812408328056335, 0.5617808103561401, 0.5554364919662476, 0.5565427541732788, 0.541134774684906]}, "last_epoch": 9}