{
    "metrics": {
        "accuracy": [
            0.6408199071884155,
            0.7532147169113159,
            0.7775306701660156,
            0.7920815944671631,
            0.8000580072402954,
            0.806487500667572,
            0.8148506283760071,
            0.8199265003204346,
            0.8189113140106201,
            0.8278062343597412
        ],
        "loss": [
            1.0767353773117065,
            0.7391878366470337,
            0.657325804233551,
            0.6206002831459045,
            0.5862221717834473,
            0.5691335797309875,
            0.543464720249176,
            0.532630443572998,
            0.5222072601318359,
            0.5106900930404663
        ],
        "val_accuracy": [
            0.7529552578926086,
            0.7674697041511536,
            0.7924584746360779,
            0.7953014969825745,
            0.8096663355827332,
            0.8140056729316711,
            0.8099656105041504,
            0.8146042227745056,
            0.8137063980102539,
            0.8060750961303711
        ],
        "val_loss": [
            0.7621797323226929,
            0.700375497341156,
            0.6419817209243774,
            0.6050835847854614,
            0.5812904238700867,
            0.574459969997406,
            0.5793390870094299,
            0.554163932800293,
            0.560008704662323,
            0.5907850861549377
        ]
    },
    "last_epoch": 9
}